<?xml version="1.0" encoding="UTF-8"?>
<beans xmlns="http://www.springframework.org/schema/beans"
	xmlns:context="http://www.springframework.org/schema/context"
	xmlns:xsi="http://www.w3.org/2001/XMLSchema-instance"
	xsi:schemaLocation=" http://www.springframework.org/schema/beans 
	http://www.springframework.org/schema/beans/spring-beans.xsd
	http://www.springframework.org/schema/context http://www.springframework.org/schema/context/spring-context.xsd">

	<bean id="battery" class="com.prateek.app.bean.Battery"></bean>

	<bean id="mobile1" class="com.prateek.app.bean.Mobile">
	<!-- <constructor-arg ref="battery"></constructor-arg> -->
	<property name="battery" ref="battery"></property>
	</bean>
</beans>